name,id
Sarah,436822382360
Thomas,990840162264
Mark,578733869340
James,376035099711
Sharon,638339822866
Robert,537241873358
Debra,430498920132
Donna,715999025111
Zachary,696054193651
Darla,657543297067
Elouise,674740278949
Joseph,396979444785
Patrick,712172537603
Simone,376819536391
Richard,718501731686
Dennis,252873823908
Laura,608380663227
Numbers,627440223595
Eula,354723489577
Bertha,206859224202
Mary,821865081320
Filomena,214674815633
Linda,176432691009
Jessica,393548754374
Andrew,158562983735
Zachary,153761498079
Tom,632655860576
Rex,258147437569
Kelsey,620367199280
Ellis,270251672833
Kasie,492918191983
Frederick,242587189891
Minnie,628736290625
Marie,615624767608
Madeline,789773783274
Dawn,912540741497
Alexandria,398384008249
Steven,110953622856
Betty,559687853497
Kathryn,816762868961
Marion,479819309726
Maria,207326326143
Vera,761500325575
Deborah,446111612623
Michael,839781583327
Teresa,646994808542
Cynthia,845352995495
William,180789579734
Joanna,528700261254
Frances,707272747897
Agnes,764595518242
Patricia,707242860883
Eunice,656612946375
Marian,650565290114
Raquel,443810864964
Matthew,318620239095
Timothy,152453603351
Chris,365482488915
Dawn,764309077240
Troy,484239235903
Kevin,187142389981
Stephen,670671613015
Edwin,811878004011
James,122663136703
George,765893547818
Howard,556477460236
Donnell,558415716898
Raymundo,176526224912
Goldie,864663980763
Verna,972635128295
Adrian,736365905894
Charles,626069996689
Arlene,702971258459
Shawn,263102061240
Eva,875382668328
Normand,452130011222
Esther,918482386602
Linda,744522824908
Elizabeth,842463526686
John,602054622727
Thomas,859756453455
Patricia,710811283934
Thomas,506981236475
Christina,803279671427
Yvonne,610623587672
Scott,480693501781
Brad,222220036959
Linda,959194853695
Maria,429322401631
Anthony,514827750045
Roberto,799267729592
Alice,299300375192
Glenn,144363372607
Linda,800527441609
Sandra,130512562751
James,549386808135
Barbara,708909942226
Bobby,753952503300
Myrtle,439329816771
Marcos,144946528213
Brenda,590909739165
James,427313359549
John,155043381338
Tonya,789487280369
Phillip,157448460927
Eldridge,446489416260
Christopher,158417799205
Mark,210111859410
Benjamin,992713726708
Courtney,332966829161
Kristine,206949190319
Sonia,775815130288
Gene,242493728441
William,262265374838
Annette,173968528629
Johnny,639170411337
Karen,257275278045
Michael,250366670107
Douglas,510602579887
Maggie,863574175980
Lacey,683810630190
Eileen,170769430218
Edward,527056517356
Jennifer,700501042867
Clinton,349481584270
Ronnie,238526810659
Ethel,658328421225
Samuel,500368839875
Chris,764893467645
Margaret,971354076326
Bob,838436205028
Aaron,164929174790
Nancy,469989309572
Susan,945257832620
Linda,619826755010
Kelly,835598036204
Nancy,502027762952
Angela,410519486199
Max,538809350018
Joyce,284787339389
Jason,593430231456
Letitia,803333701151
Marie,181463623237
Ruth,897500439578
Clyde,643723297458
Leanne,112580557518
Sylvia,800333245125
Christine,884817989673
Gordon,836139953247
Cynthia,215359778606
Stephen,462230435498
Henry,390300192088
Sonia,545268751890
Joanne,177666211049
Olivia,709777903578
Benjamin,837687864001
Donna,276460510301
Rebecca,815493558764
Michael,965101444952
Donald,368849500358
Kathy,595335379649
Benjamin,206270470811
Guadalupe,625167982449
Keith,440758469772
David,188253046332
William,529521493054
Susan,169713956476
Jonie,499512056865
Nicholas,961544194752
William,938949720732
David,336440191847
Aaron,913800560428
Jennifer,897595380983
Joseph,627257062338
Paul,526570363106
Mario,415288173796
George,934005140641
Marion,229485709240
John,628013294584
Deborah,412323681173
Maria,522311775945
John,142535955533
Edward,744942464463
Ruth,252946954631
Dorothy,863863549340
Ann,670828535034
Jason,557834216322
Cedric,691087136542
Cindy,336072205809
Angela,868360169391
Joshua,600507257439
Robert,566419531078
Amina,693037802547
Donnie,772106084123
James,388546824331
Rita,961375492167
Kelly,531220928935
Grace,813473260837
Dena,533763601302
Joseph,679755581123
Joe,447200368925
Rosita,299702869004
Fred,661376026944
Nancy,314485908408
Charles,233702149131
Wm,408567719835
Cecilia,894287028481
Gary,598449088003
Michell,890614766054
Sarah,533160451491
Debbie,148458655063
Nicole,883313826341
Joseph,780636800969
Josephine,321023509869
Angelique,117448080725
Harold,406526038495
Trudy,764814967480
Ernesto,636590357695
Dean,434324955570
Barry,437577423843
Kristin,494125818666
Armando,801806559459
Christine,171471824659
Gertrude,794587201190
Beth,423092280725
Claude,400718368555
Mari,823790293811
Amal,245564713007
Patricia,432952854492
Angela,141751436597
Michael,823977988667
Steve,239795024429
Beverly,451200378066
Carolyn,872201465389
John,178500318289
Robert,750102833901
Tracy,819998334396
Louis,593501929570
Lena,499411668075
Isabell,178627220416
Brandon,541062168818
Matthew,640773471880
Dena,113035016929
Edward,111594814730
Carl,298435737481
Edgar,585609617262
Ruthie,555394681417
Karen,464084576098
Allene,455848301725
Stephen,891861708078
Armando,912858728790
Kathleen,267733293745
Nancy,249444209831
Sandy,488444267484
Mary,194399824958
David,362363850768
Christina,618229919861
Elena,458456617740
Aimee,742859690854
James,568939528429
Scott,972882016050
Cierra,310925669057
Frances,639062759783
Franklin,844756104856
Jeane,421033922584
Mary,956495538419
Ruth,586574840838
Tracey,519959004716
Nathan,177653043166
Adam,327587436281
Jonathan,697066453985
Jeff,638515846663
Robert,949090427008
Ronald,789775182116
Matthew,268058205024
Maggie,474307853102
Gloria,472327700002
Mary,941746726242
Timothy,750473046672
Emma,384851856755
Abram,379683812354
Eric,420851550593
Ester,991957285501
Andrew,769320054341
Cynthia,222690474904
Neil,838266924213
George,346560841072
Harry,992781858205
Cheryl,458306510519
John,635437044446
Helen,151646474024
Brent,511943677288
George,244048655205
Julia,166067322331
James,739666921436
Francisca,963067735137
Alonzo,493831958730
Erica,667974416169
Jesse,981388917526
Jeffrey,247513346982
